Run_ID,File_Location,Clone_Run_ID,Clone_Frame_ID,N_Cells,Therm_kT,Therm_Seed,Density_Start,Density_End,BoxLength_Start,BoxLength_End,dt,Nsteps,This_LJ_Time,Cumulative_LJ_Time,Ensemble,T_Set,P_Set,LJ_r_cut,LJ_r_on,LJ_Mode,Phase_Separation_Status,Phase_Separation_Method,Phase_Separation_Method_Version,rho_liquid,rho_liquid_unc,rho_gas,rho_gas_unc,V_liquid,V_liquid_unc,V_gas,V_gas_unc,Phase_Fit_Status,Phase_Fit_Method,Phase_Fit_Method_Version,Summary_Start_Step,Summary_End_Step,Summary_Num_Samples,Pressure_Mean,Pressure_Std,Pressure_SEM,PE_Per_Particle_Mean,PE_Per_Particle_Std,PE_Per_Particle_SEM,Num_Frames
20260915173225,Thermalization/20260915173225,,,40,0.86,1,0.5000000000000003,0.5000000000000002,79.99999999999999,79.99999999999999,0.002,100000,200,200,NVT,0.86,,2.5,2,xplor,Separated,voxel_histogram,voxel_low_density_fraction_v1,0.715764877281007,0.0003912827774992405,0.020710697491092875,0.0002601497399054013,352972.6386230474,1591.3662352465446,159027.36137695258,1591.3662352465442,Complete,averaged_voxel_histogram_mixture,terminal_5_saved_frames_log_stride_10_v2,1000,100000,100,-0.04042720013795433,0.04641544809436423,0.004641544809436423,-4.232089016562669,0.22928815202280192,0.02292881520228019,6
20260915173427,Thermalization/20260915173427,,,40,0.86,1,0.5200000000000005,0.5200000000000005,78.96092134994282,78.96092134994282,0.002,100000,200,200,NVT,0.86,,2.5,2,xplor,Separated,voxel_histogram,voxel_low_density_fraction_v1,0.7163055424339366,0.0003653515183227108,0.020358564162937003,0.0002718796461460824,353576.61666439584,1498.3513755562062,138731.09231400397,1498.3513755562062,Complete,averaged_voxel_histogram_mixture,terminal_5_saved_frames_log_stride_10_v2,1000,100000,100,-0.043015030594969764,0.05122441395017283,0.005122441395017283,-4.268052938415877,0.21688427025174242,0.02168842702517424,6
20260915173627,Thermalization/20260915173627,,,40,0.86,1,0.5400000000000005,0.5400000000000005,77.97380635234308,77.97380635234308,0.002,100000,200,200,NVT,0.86,,2.5,2,xplor,Separated,voxel_histogram,voxel_low_density_fraction_v1,0.7136562011596174,0.00037087251647906146,0.020874412795728818,0.0003295711877470901,354335.1098211982,1373.0332877656244,119738.99956923566,1373.0332877656244,Complete,averaged_voxel_histogram_mixture,terminal_5_saved_frames_log_stride_10_v2,1000,100000,100,-0.05522218639113885,0.05283851338928318,0.005283851338928318,-4.279425978773624,0.19173203265628702,0.019173203265628703,6
20260915173827,Thermalization/20260915173827,,,40,0.86,1,0.5600000000000004,0.5600000000000004,77.03427142216714,77.03427142216714,0.002,100000,200,200,NVT,0.86,,2.5,2,xplor,Separated,voxel_histogram,voxel_low_density_fraction_v1,0.7134702765298906,0.0003506789430970474,0.01895362547418847,0.0003107618055079515,355403.38834040787,1296.584181564481,101739.46556352962,1296.5841815644808,Complete,averaged_voxel_histogram_mixture,terminal_5_saved_frames_log_stride_10_v2,1000,100000,100,-0.060785793223455224,0.05866330426775195,0.005866330426775195,-4.31457579176872,0.18387460220136242,0.018387460220136244,6
20260915174027,Thermalization/20260915174027,,,40,0.86,1,0.5800000000000003,0.5800000000000003,76.13844285242617,76.13844285242617,0.002,100000,200,200,NVT,0.86,,2.5,2,xplor,Separated,voxel_histogram,voxel_low_density_fraction_v1,0.7149668068203302,0.00034597927292625517,0.020445882416405905,0.00035793801329009415,355217.9061243713,1193.876213946857,86161.4066680553,1193.876213946857,Complete,averaged_voxel_histogram_mixture,terminal_5_saved_frames_log_stride_10_v2,1000,100000,100,-0.06339207957063736,0.06329432931947081,0.0063294329319470806,-4.345519634731556,0.1709215672120693,0.01709215672120693,6
20260915174228,Thermalization/20260915174228,,,40,0.86,1,0.6000000000000004,0.6000000000000003,75.28288231048226,75.28288231048226,0.002,100000,200,200,NVT,0.86,,2.5,2,xplor,Separated,voxel_histogram,voxel_low_density_fraction_v1,0.7130721534020455,0.0003463272196230608,0.021320230624749872,0.0004419962190937621,355866.7916633037,1073.2670172528478,70799.88146343284,1073.2670172528476,Complete,averaged_voxel_histogram_mixture,terminal_5_saved_frames_log_stride_10_v2,1000,100000,100,-0.07049498727879783,0.06682936165759458,0.006682936165759458,-4.364244505143743,0.15190809054062557,0.015190809054062556,6
20260915174430,Thermalization/20260915174430,,,40,0.88,1,0.5000000000000003,0.5000000000000002,79.99999999999999,79.99999999999999,0.002,100000,200,200,NVT,0.88,,2.5,2,xplor,Separated,voxel_histogram,voxel_low_density_fraction_v1,0.7032662064969174,0.0003877644939993979,0.023395777149004218,0.0002888387762102191,358266.6696698707,1567.7716990014064,153733.3303301293,1567.771699001406,Complete,averaged_voxel_histogram_mixture,terminal_5_saved_frames_log_stride_10_v2,1000,100000,100,-0.03790581539436408,0.043735639827740404,0.0043735639827740405,-4.13729322605955,0.22104114070491943,0.022104114070491943,6
20260915174630,Thermalization/20260915174630,,,40,0.88,1,0.5200000000000005,0.5200000000000005,78.96092134994282,78.96092134994282,0.002,100000,200,200,NVT,0.88,,2.5,2,xplor,Separated,voxel_histogram,voxel_low_density_fraction_v1,0.7003867599492486,0.0003894015834045612,0.023084692786698294,0.00032853475374641056,360183.02602517104,1457.8877309515362,132124.68295322877,1457.8877309515358,Complete,averaged_voxel_histogram_mixture,terminal_5_saved_frames_log_stride_10_v2,1000,100000,100,-0.04593685447835601,0.04552927049016684,0.004552927049016684,-4.157968367411823,0.20013387217413234,0.020013387217413234,6
20260915174829,Thermalization/20260915174829,,,40,0.88,1,0.5400000000000005,0.5400000000000005,77.97380635234308,77.97380635234308,0.002,100000,200,200,NVT,0.88,,2.5,2,xplor,Separated,voxel_histogram,voxel_low_density_fraction_v1,0.6996254845680004,0.0003808866285643626,0.025460152801744736,0.0003781721693497347,360227.60471041506,1357.6845847670506,113846.50468001883,1357.6845847670506,Complete,averaged_voxel_histogram_mixture,terminal_5_saved_frames_log_stride_10_v2,1000,100000,100,-0.04968573909326755,0.049525771386232244,0.0049525771386232246,-4.188908685751094,0.1837394994713401,0.01837394994713401,6
20260915175032,Thermalization/20260915175032,,,40,0.88,1,0.5600000000000004,0.5600000000000004,77.03427142216714,77.03427142216714,0.002,100000,200,200,NVT,0.88,,2.5,2,xplor,Separated,voxel_histogram,voxel_low_density_fraction_v1,0.7010788088509822,0.0003620077515567083,0.023764385540932468,0.0003886856546857297,360481.29531467473,1269.6761759619405,96661.55858926279,1269.6761759619405,Complete,averaged_voxel_histogram_mixture,terminal_5_saved_frames_log_stride_10_v2,1000,100000,100,-0.05258596632143571,0.05399773392424061,0.00539977339242406,-4.229590267830844,0.17258171619400656,0.017258171619400655,6
20260915175232,Thermalization/20260915175232,,,40,0.88,1,0.5800000000000003,0.5800000000000003,76.13844285242617,76.13844285242617,0.002,100000,200,200,NVT,0.88,,2.5,2,xplor,Separated,voxel_histogram,voxel_low_density_fraction_v1,0.7030704356556282,0.0003391162358885117,0.022007529489838848,0.000382253470595983,361179.02692537266,1173.1750224369039,80200.28586705391,1173.1750224369043,Complete,averaged_voxel_histogram_mixture,terminal_5_saved_frames_log_stride_10_v2,1000,100000,100,-0.05764386980558734,0.06170196658033892,0.006170196658033892,-4.261882913078743,0.16845513096304468,0.016845513096304467,6
20260915175433,Thermalization/20260915175433,,,40,0.88,1,0.6000000000000004,0.6000000000000003,75.28288231048226,75.28288231048226,0.002,100000,200,200,NVT,0.88,,2.5,2,xplor,Separated,voxel_histogram,voxel_low_density_fraction_v1,0.7007697891892543,0.00034716074653868125,0.023927771561781698,0.0004916990411896339,361969.7046040044,1037.4504506329765,64696.96852273212,1037.4504506329765,Complete,averaged_voxel_histogram_mixture,terminal_5_saved_frames_log_stride_10_v2,1000,100000,100,-0.06878815369316203,0.06479178514782233,0.006479178514782233,-4.27303378732308,0.14459579332869,0.014459579332869,6
20260915175633,Thermalization/20260915175633,,,40,0.9,1,0.5000000000000003,0.5000000000000002,79.99999999999999,79.99999999999999,0.002,100000,200,200,NVT,0.9,,2.5,2,xplor,Separated,voxel_histogram,voxel_low_density_fraction_v1,0.6886022198849266,0.0004042007133996501,0.027678606017634073,0.0003248057798059341,365254.2218893134,1552.480849390445,146745.7781106866,1552.4808493904445,Complete,averaged_voxel_histogram_mixture,terminal_5_saved_frames_log_stride_10_v2,1000,100000,100,-0.032236545934381314,0.0399521711116942,0.00399521711116942,-4.0484082218229895,0.2081611559213542,0.02081611559213542,6
20260915175831,Thermalization/20260915175831,,,40,0.9,1,0.5200000000000005,0.5200000000000005,78.96092134994282,78.96092134994282,0.002,100000,200,200,NVT,0.9,,2.5,2,xplor,Separated,voxel_histogram,voxel_low_density_fraction_v1,0.6875248082297938,0.0003991936288934518,0.026604481255017336,0.00036000312531110683,366393.4898699706,1448.0292865688264,125914.21910842923,1448.0292865688261,Complete,averaged_voxel_histogram_mixture,terminal_5_saved_frames_log_stride_10_v2,1000,100000,100,-0.03805996115018479,0.04419206534325148,0.004419206534325148,-4.075526662352474,0.1917178618076445,0.019171786180764448,6
20260915180033,Thermalization/20260915180033,,,40,0.9,1,0.5400000000000005,0.5400000000000005,77.97380635234308,77.97380635234308,0.002,100000,200,200,NVT,0.9,,2.5,2,xplor,Separated,voxel_histogram,voxel_low_density_fraction_v1,0.6864211809898766,0.0003861273977117321,0.02830268068284278,0.00043246921436532085,367031.0668258447,1320.7942947033266,107043.04256458921,1320.7942947033264,Complete,averaged_voxel_histogram_mixture,terminal_5_saved_frames_log_stride_10_v2,1000,100000,100,-0.04466158703401049,0.045917346571201084,0.004591734657120108,-4.09462506313142,0.17049080683864937,0.017049080683864938,6
20260915180034,Thermalization/20260915180034,,,40,0.9,1,0.5600000000000004,0.5600000000000004,77.03427142216714,77.03427142216714,0.002,100000,200,200,NVT,0.9,,2.5,2,xplor,Separated,voxel_histogram,voxel_low_density_fraction_v1,0.6850211284014872,0.0003835991772562575,0.02776265220578776,0.0005175798614319448,368033.30620308477,1199.893378614448,89109.54770085274,1199.893378614447,Complete,averaged_voxel_histogram_mixture,terminal_5_saved_frames_log_stride_10_v2,1000,100000,100,-0.05488025980707979,0.04807854599419912,0.004807854599419912,-4.114973572152121,0.1545727136452134,0.015457271364521342,6
20260915180234,Thermalization/20260915180234,,,40,0.9,1,0.5800000000000003,0.5800000000000003,76.13844285242617,76.13844285242617,0.002,100000,200,200,NVT,0.9,,2.5,2,xplor,Separated,voxel_histogram,voxel_low_density_fraction_v1,0.6853715161732195,0.00037011667810774626,0.02683606034574695,0.0005286197920840975,369123.7419797033,1102.167983351486,72255.57081272325,1102.1679833514863,Complete,averaged_voxel_histogram_mixture,terminal_5_saved_frames_log_stride_10_v2,1000,100000,100,-0.05543962302241108,0.051814637907684105,0.005181463790768411,-4.155693770489067,0.14243119718953123,0.014243119718953123,6
20260915180432,Thermalization/20260915180432,,,40,0.9,1,0.6000000000000004,0.6000000000000003,75.28288231048226,75.28288231048226,0.002,100000,200,200,NVT,0.9,,2.5,2,xplor,Separated,voxel_histogram,voxel_low_density_fraction_v1,0.6887117972596278,0.00034424231198330825,0.026654334037236955,0.0005455966963702526,368523.9632402075,1000.4700943179942,58142.70988652901,1000.4700943179945,Complete,averaged_voxel_histogram_mixture,terminal_5_saved_frames_log_stride_10_v2,1000,100000,100,-0.05755236448040768,0.060875644795696536,0.006087564479569653,-4.202919650935839,0.13957381508749162,0.013957381508749162,6
20260915180633,Thermalization/20260915180633,,,40,0.92,1,0.5000000000000003,0.5000000000000002,79.99999999999999,79.99999999999999,0.002,100000,200,200,NVT,0.92,,2.5,2,xplor,Separated,voxel_histogram,voxel_low_density_fraction_v1,0.6753063604387302,0.0004121305501587811,0.03143672460753674,0.0003828734438820267,371920.3209124659,1528.1454349689384,140079.67908753408,1528.1454349689377,Complete,averaged_voxel_histogram_mixture,terminal_5_saved_frames_log_stride_10_v2,1000,100000,100,-0.026704821008356593,0.037155162954015906,0.0037155162954015906,-3.9483802446182197,0.19651653554733614,0.019651653554733615,6
20260915180644,Thermalization/20260915180644,,,40,0.92,1,0.5200000000000005,0.5200000000000005,78.96092134994282,78.96092134994282,0.002,100000,200,200,NVT,0.92,,2.5,2,xplor,Separated,voxel_histogram,voxel_low_density_fraction_v1,0.6750165897259944,0.00040199378779247547,0.032323226296416575,0.00041403287731485325,372136.5318677121,1421.566191409767,120171.1771106877,1421.5661914097668,Complete,averaged_voxel_histogram_mixture,terminal_5_saved_frames_log_stride_10_v2,1000,100000,100,-0.03200983765964933,0.04112383089349719,0.004112383089349719,-3.9828023458133375,0.18029850326402827,0.01802985032640283,6
20260915180831,Thermalization/20260915180831,,,40,0.92,1,0.5400000000000005,0.5400000000000005,77.97380635234308,77.97380635234308,0.002,100000,200,200,NVT,0.92,,2.5,2,xplor,Separated,voxel_histogram,voxel_low_density_fraction_v1,0.6710495966594529,0.0003949198611204912,0.030926879989484898,0.0004972452786576414,374980.3860106974,1282.172319438674,99093.72337973646,1282.172319438674,Complete,averaged_voxel_histogram_mixture,terminal_5_saved_frames_log_stride_10_v2,1000,100000,100,-0.040148996294537075,0.043277620721039155,0.0043277620721039155,-4.000524391080567,0.1607635649781582,0.01607635649781582,6
20260915181029,Thermalization/20260915181029,,,40,0.92,1,0.5600000000000004,0.5600000000000004,77.03427142216714,77.03427142216714,0.002,100000,200,200,NVT,0.92,,2.5,2,xplor,Separated,voxel_histogram,voxel_low_density_fraction_v1,0.6733524196670959,0.00037097149863553976,0.029580668521689345,0.0004999233539352795,375429.75892560865,1190.0943372975132,81713.09497832887,1190.0943372975134,Complete,averaged_voxel_histogram_mixture,terminal_5_saved_frames_log_stride_10_v2,1000,100000,100,-0.043000659167304854,0.045014895314331095,0.004501489531433109,-4.048052009356063,0.1507891540776714,0.015078915407767141,6
20260915181228,Thermalization/20260915181228,,,40,0.92,1,0.5800000000000003,0.5800000000000003,76.13844285242617,76.13844285242617,0.002,100000,200,200,NVT,0.92,,2.5,2,xplor,Separated,voxel_histogram,voxel_low_density_fraction_v1,0.6720650597721828,0.0003673206877025812,0.02877320188904388,0.0006135180890128285,377123.1461919219,1048.9604344407176,64256.16660050467,1048.9604344407173,Complete,averaged_voxel_histogram_mixture,terminal_5_saved_frames_log_stride_10_v2,1000,100000,100,-0.05192522095203839,0.049148009495174276,0.004914800949517428,-4.06415067260779,0.13522098395737414,0.013522098395737415,6
20260915181257,Thermalization/20260915181257,,,40,0.92,1,0.6000000000000004,0.6000000000000003,75.28288231048226,75.28288231048226,0.002,100000,200,200,NVT,0.92,,2.5,2,xplor,Separated,voxel_histogram,voxel_low_density_fraction_v1,0.6763056546470578,0.00033857250764899623,0.02934555559636524,0.0005660950496142329,375998.224432196,965.2490253666563,50668.44869454051,965.249025366657,Complete,averaged_voxel_histogram_mixture,terminal_5_saved_frames_log_stride_10_v2,1000,100000,100,-0.05163123422575393,0.05855005365517965,0.005855005365517965,-4.117940104140401,0.13876818689047965,0.013876818689047965,6
20260915181427,Thermalization/20260915181427,,,40,0.94,1,0.5000000000000003,0.5000000000000002,79.99999999999999,79.99999999999999,0.002,100000,200,200,NVT,0.94,,2.5,2,xplor,Separated,voxel_histogram,voxel_low_density_fraction_v1,0.6577182046018654,0.00043651073042508747,0.03655631487720556,0.0004498417330261635,380845.3144081268,1497.9634212620556,131154.6855918732,1497.9634212620558,Complete,averaged_voxel_histogram_mixture,terminal_5_saved_frames_log_stride_10_v2,1000,100000,100,-0.021407686396717904,0.032652616381729914,0.0032652616381729912,-3.8485964880382757,0.18018571020622098,0.0180185710206221,6
20260915181623,Thermalization/20260915181623,,,40,0.94,1,0.5200000000000005,0.5200000000000005,78.96092134994282,78.96092134994282,0.002,100000,200,200,NVT,0.94,,2.5,2,xplor,Separated,voxel_histogram,voxel_low_density_fraction_v1,0.6588279735730282,0.00042021108114546213,0.035316623488960176,0.0005041787254818943,380847.9221830345,1375.7288229226588,111459.78679536532,1375.728822922658,Complete,averaged_voxel_histogram_mixture,terminal_5_saved_frames_log_stride_10_v2,1000,100000,100,-0.024828999096614145,0.03639231368880956,0.003639231368880956,-3.8809369298781182,0.16594578585859276,0.016594578585859276,6
20260915181820,Thermalization/20260915181820,,,40,0.94,1,0.5400000000000005,0.5400000000000005,77.97380635234308,77.97380635234308,0.002,100000,200,200,NVT,0.94,,2.5,2,xplor,Separated,voxel_histogram,voxel_low_density_fraction_v1,0.6606780889502907,0.00038636264548037934,0.037577126955329845,0.0005446591269771592,380720.53393200267,1277.7493410995387,93353.57545843121,1277.749341099539,Complete,averaged_voxel_histogram_mixture,terminal_5_saved_frames_log_stride_10_v2,1000,100000,100,-0.027745790211789002,0.04101837730535308,0.004101837730535308,-3.926597452494799,0.15864703129376598,0.015864703129376597,6
20260915181914,Thermalization/20260915181914,,,40,0.94,1,0.5600000000000004,0.5600000000000004,77.03427142216714,77.03427142216714,0.002,100000,200,200,NVT,0.94,,2.5,2,xplor,Separated,voxel_histogram,voxel_low_density_fraction_v1,0.6595536743043748,0.00037627331651867254,0.03626595198133893,0.0005908894277799864,382581.68055240763,1147.426027865759,74561.17335152988,1147.4260278657591,Complete,averaged_voxel_histogram_mixture,terminal_5_saved_frames_log_stride_10_v2,1000,100000,100,-0.034878962323651105,0.042907527547689964,0.0042907527547689965,-3.9578698271303603,0.14026970880322776,0.014026970880322776,6
20260915182018,Thermalization/20260915182018,,,40,0.94,1,0.5800000000000003,0.5800000000000003,76.13844285242617,76.13844285242617,0.002,100000,200,200,NVT,0.94,,2.5,2,xplor,Separated,voxel_histogram,voxel_low_density_fraction_v1,0.6546377890562994,0.0003803615490294986,0.03382089928991547,0.0008807112248010573,386275.24203136645,970.3240864326181,55104.07076106009,970.324086432618,Complete,averaged_voxel_histogram_mixture,terminal_5_saved_frames_log_stride_10_v2,1000,100000,100,-0.04688457191191234,0.04063598027797906,0.004063598027797906,-3.9660632509736704,0.11185314690024155,0.011185314690024154,6
20260915182214,Thermalization/20260915182214,,,40,0.94,1,0.6000000000000004,0.6000000000000003,75.28288231048226,75.28288231048226,0.002,100000,200,200,NVT,0.94,,2.5,2,xplor,Separated,voxel_histogram,voxel_low_density_fraction_v1,0.6551639153011765,0.0003618992782735115,0.0363339525734359,0.0010424184974134132,387411.82566554594,833.1185073472592,39254.8474611906,833.1185073472597,Complete,averaged_voxel_histogram_mixture,terminal_5_saved_frames_log_stride_10_v2,1000,100000,100,-0.061030280184853875,0.04503307326480775,0.004503307326480775,-3.984778729782255,0.10337367385597133,0.010337367385597134,6
20260915182412,Thermalization/20260915182412,,,40,0.96,1,0.5000000000000003,0.5000000000000002,79.99999999999999,79.99999999999999,0.002,100000,200,200,NVT,0.96,,2.5,2,xplor,Separated,voxel_histogram,voxel_low_density_fraction_v1,0.6417721660183058,0.00045242945236497275,0.04252695139355796,0.0005538486252560106,388983.0273236904,1457.3275271262426,123016.9726763096,1457.3275271262426,Complete,averaged_voxel_histogram_mixture,terminal_5_saved_frames_log_stride_10_v2,1000,100000,100,-0.014608823447756691,0.029162971042447753,0.002916297104244775,-3.742404878109484,0.16691536983186772,0.01669153698318677,6
20260915182528,Thermalization/20260915182528,,,40,0.96,1,0.5200000000000005,0.5200000000000005,78.96092134994282,78.96092134994282,0.002,100000,200,200,NVT,0.96,,2.5,2,xplor,Separated,voxel_histogram,voxel_low_density_fraction_v1,0.6417261802876815,0.00042981481312424756,0.03883422553154025,0.0005804119241203868,390344.26654183445,1334.7777856621265,101963.44243656534,1334.777785662127,Complete,averaged_voxel_histogram_mixture,terminal_5_saved_frames_log_stride_10_v2,1000,100000,100,-0.019844495718453238,0.03144882273968962,0.0031448822739689624,-3.784057601658053,0.1490348411073925,0.014903484110739251,6
20260915182607,Thermalization/20260915182607,,,40,0.96,1,0.5400000000000005,0.5400000000000005,77.97380635234308,77.97380635234308,0.002,100000,200,200,NVT,0.96,,2.5,2,xplor,Separated,voxel_histogram,voxel_low_density_fraction_v1,0.6411429771718135,0.0004164957525256104,0.041194601984335076,0.0007800401060433471,391664.5481707256,1197.8005661554382,82409.56121970828,1197.8005661554387,Complete,averaged_voxel_histogram_mixture,terminal_5_saved_frames_log_stride_10_v2,1000,100000,100,-0.025844956743392676,0.034321648564928815,0.0034321648564928815,-3.8147283897036766,0.13123022272539872,0.013123022272539872,6
20260915182804,Thermalization/20260915182804,,,40,0.96,1,0.5600000000000004,0.5600000000000004,77.03427142216714,77.03427142216714,0.002,100000,200,200,NVT,0.96,,2.5,2,xplor,Separated,voxel_histogram,voxel_low_density_fraction_v1,0.6424036147708455,0.0003818785777607098,0.03714710891220135,0.0006983345008532,393857.8338349542,1076.5969009600528,63285.02006898331,1076.596900960053,Complete,averaged_voxel_histogram_mixture,terminal_5_saved_frames_log_stride_10_v2,1000,100000,100,-0.030724747033863454,0.03694853032017808,0.003694853032017808,-3.8564921612661327,0.12645562769961122,0.012645562769961122,6
20260915183000,Thermalization/20260915183000,,,40,0.96,1,0.5800000000000003,0.5800000000000003,76.13844285242617,76.13844285242617,0.002,100000,200,200,NVT,0.96,,2.5,2,xplor,Separated,voxel_histogram,voxel_low_density_fraction_v1,0.6403881177310351,0.0003805627147663724,0.03749034028502293,0.0009934263069532455,395493.6703397319,910.0060154112616,45885.642452694636,910.0060154112625,Complete,averaged_voxel_histogram_mixture,terminal_5_saved_frames_log_stride_10_v2,1000,100000,100,-0.03971532346194644,0.036242824770991076,0.0036242824770991076,-3.879734811517096,0.10314347277882539,0.01031434727788254,6
20260915183137,Thermalization/20260915183137,,,40,0.96,1,0.6000000000000004,0.6000000000000003,75.28288231048226,75.28288231048226,0.002,100000,200,200,NVT,0.96,,2.5,2,xplor,Separated,voxel_histogram,voxel_low_density_fraction_v1,0.6327664012976144,0.00037557445621943305,0.03288941182668959,0.0012063997349985517,402013.3749275746,685.849809944743,24653.29819916197,685.8498099447448,Complete,averaged_voxel_histogram_mixture,terminal_5_saved_frames_log_stride_10_v2,1000,100000,100,-0.05708316956725199,0.03107581384933533,0.003107581384933533,-3.886014103356924,0.07541123090325536,0.0075411230903255355,6
20260915183156,Thermalization/20260915183156,,,40,0.98,1,0.5000000000000003,0.5000000000000002,79.99999999999999,79.99999999999999,0.002,100000,200,200,NVT,0.98,,2.5,2,xplor,Separated,voxel_histogram,voxel_low_density_fraction_v1,0.6231437291654047,0.00047452628977438083,0.0482187074227183,0.0006846557617417301,399916.58140318183,1417.2518211503989,112083.41859681817,1417.2518211503989,Complete,averaged_voxel_histogram_mixture,terminal_5_saved_frames_log_stride_10_v2,1000,100000,100,-0.008372515452588056,0.02569628865040647,0.0025696288650406468,-3.635792077037747,0.14481016208417427,0.014481016208417427,6
20260915183350,Thermalization/20260915183350,,,40,0.98,1,0.5200000000000005,0.5200000000000005,78.96092134994282,78.96092134994282,0.002,100000,200,200,NVT,0.98,,2.5,2,xplor,Separated,voxel_histogram,voxel_low_density_fraction_v1,0.6251644806454735,0.000439844353045536,0.04446519603302983,0.0007262649525759699,401381.21081740235,1288.8011259266543,90926.49816099748,1288.8011259266548,Complete,averaged_voxel_histogram_mixture,terminal_5_saved_frames_log_stride_10_v2,1000,100000,100,-0.012799621341362942,0.027817312261491218,0.002781731226149122,-3.686000436799618,0.13765695148807922,0.013765695148807922,6
20260915183544,Thermalization/20260915183544,,,40,0.98,1,0.5400000000000005,0.5400000000000005,77.97380635234308,77.97380635234308,0.002,100000,200,200,NVT,0.98,,2.5,2,xplor,Separated,voxel_histogram,voxel_low_density_fraction_v1,0.6246322928776631,0.00042086771841708386,0.04513671201066467,0.0008322420167712559,402865.61842476844,1147.0395459990964,71208.49096566543,1147.0395459990966,Complete,averaged_voxel_histogram_mixture,terminal_5_saved_frames_log_stride_10_v2,1000,100000,100,-0.018044645490503095,0.028192578282194968,0.002819257828219497,-3.7233523312977646,0.11777430516127613,0.011777430516127613,6
20260915183740,Thermalization/20260915183740,,,40,0.98,1,0.5600000000000004,0.5600000000000004,77.03427142216714,77.03427142216714,0.002,100000,200,200,NVT,0.98,,2.5,2,xplor,Separated,voxel_histogram,voxel_low_density_fraction_v1,0.6196474315692124,0.00041815852396691946,0.0446460227739661,0.0012543279854048148,407326.1673643022,961.2875227920827,49816.68653963532,961.2875227920828,Complete,averaged_voxel_histogram_mixture,terminal_5_saved_frames_log_stride_10_v2,1000,100000,100,-0.027951817634999383,0.027186555482433792,0.002718655548243379,-3.7426408478078796,0.0906564920673144,0.00906564920673144,6
20260915183749,Thermalization/20260915183749,,,40,0.98,1,0.5800000000000003,0.5800000000000003,76.13844285242617,76.13844285242617,0.002,100000,200,200,NVT,0.98,,2.5,2,xplor,Separated,voxel_histogram,voxel_low_density_fraction_v1,0.6145692613714825,0.0003986586440621382,0.04167021071898779,0.0017130916525530623,412862.019020701,741.3208463227184,28517.29377172555,741.3208463227182,Complete,averaged_voxel_histogram_mixture,terminal_5_saved_frames_log_stride_10_v2,1000,100000,100,-0.04056419639507152,0.024445606771269952,0.0024445606771269952,-3.76015888374917,0.06836936585148272,0.006836936585148272,6
20260915184126,Thermalization/20260915184126,,,40,1.0,1,0.5000000000000003,0.5000000000000002,79.99999999999999,79.99999999999999,0.002,100000,200,200,NVT,1.0,,2.5,2,xplor,Separated,voxel_histogram,voxel_low_density_fraction_v1,0.603517299383007,0.0004933567969680454,0.05111937627751444,0.0009694117228447889,413290.4637694923,1342.2784344088786,98709.53623050773,1342.278434408878,Complete,averaged_voxel_histogram_mixture,terminal_5_saved_frames_log_stride_10_v2,1000,100000,100,-0.00017312825634480531,0.021555107025303968,0.002155510702530397,-3.532396620544028,0.1210241189032622,0.01210241189032622,6
20260915184318,Thermalization/20260915184318,,,40,1.0,1,0.5200000000000005,0.5200000000000005,78.96092134994282,78.96092134994282,0.002,100000,200,200,NVT,1.0,,2.5,2,xplor,Separated,voxel_histogram,voxel_low_density_fraction_v1,0.6026107807520026,0.0004743911983718534,0.04885761168164811,0.0011418385990323156,415899.0859916456,1201.2405279170446,76408.62298675426,1201.240527917044,Complete,averaged_voxel_histogram_mixture,terminal_5_saved_frames_log_stride_10_v2,1000,100000,100,-0.00529095631149819,0.02255535153534093,0.002255535153534093,-3.575382301054023,0.10654422170458407,0.010654422170458406,6
20260915184356,Thermalization/20260915184356,,,40,1.0,1,0.5400000000000005,0.5400000000000005,77.97380635234308,77.97380635234308,0.002,100000,200,200,NVT,1.0,,2.5,2,xplor,Separated,voxel_histogram,voxel_low_density_fraction_v1,0.6002131530732948,0.0004553019279710033,0.04892428797600853,0.0016697371454177678,418869.82879859523,1031.9169656872823,55204.280591838644,1031.9169656872825,Complete,averaged_voxel_histogram_mixture,terminal_5_saved_frames_log_stride_10_v2,1000,100000,100,-0.01227987569813859,0.021002189344863406,0.002100218934486341,-3.6085934254945515,0.08141626644507126,0.008141626644507126,6
