temperature_K,temperature_C,pressure_fraction_of_Pvap,pressure_bar,pressure_psia,Pvap_bar_direct,Q_keV,Rc_nm,Pvap_psia,Pbub_psia,Rho_l_g_cc,Rho_b_g_cc,Sigma_N_m,P_err_psia,G_err_J_kg,iterations,errID,valid
90.0,-183.14999999999998,0.1,0.13350606602975368,1.9363417826234113,1.3350606602975368,322.40440528148673,198.65810872080115,19.363417790210807,19.26964336295854,1.3782451200935932,0.007398518462838823,0.01187070676820223,-4.34938054823329e-11,0.00015672805749827924,28.0,,True
90.0,-183.14999999999998,0.25,0.3337651650743842,4.840854456558528,1.3350606602975368,534.0313453256232,238.3902476135233,19.363417790210807,19.28524110537425,1.378308735120764,0.007404778881132722,0.01187070676820223,1.0791973107234227e-11,4.017417592479917e-05,19.0,,True
90.0,-183.14999999999998,0.4,0.5340242641190147,7.745367130493645,1.3350606602975368,997.989197171025,297.98845470140253,19.363417790210807,19.300851430337037,1.3783723245718797,0.007411044833563422,0.01187070676820223,-3.8763299890709345e-11,2.0681647242884215e-05,14.0,,True
90.0,-183.14999999999998,0.55,0.7342833631636453,10.649879804428764,1.3350606602975368,2258.9453189409464,397.3188005271792,19.363417790210807,19.31647425016806,1.3784358884734191,0.0074173162862243664,0.01187070676820223,3.306020791444557e-11,6.539400775499192e-06,11.0,,True
90.0,-183.14999999999998,0.7,0.9345424622082756,13.554392478363878,1.3350606602975368,7264.320364798065,595.9794928413904,19.363417790210807,19.332109583058035,1.3784994268518036,0.007423593247703722,0.01187070676820223,1.2881938869406785e-11,4.666180462280182e-06,8.0,,True
90.0,-183.14999999999998,0.85,1.1348015612529063,16.458905152298996,1.3350606602975368,55240.42717637922,1191.961577072625,19.363417790210807,19.347757424109137,1.3785629397334134,0.007429875717323288,0.01187070676820223,1.9805208095380765e-11,5.199519374959982e-07,6.0,,True
95.0,-178.14999999999998,0.1,0.21304695555568492,3.0899848521583073,2.130469555556849,91.1673556354943,112.15031664074246,30.899848464097627,30.664620130568128,1.346076807517387,0.011342387227501966,0.010661032522031889,6.451996374375605e-11,0.00016476816551224004,30.0,,True
95.0,-178.14999999999998,0.25,0.5326173888892123,7.724962130395768,2.130469555556849,150.07070099076716,134.58110970117735,30.899848464097627,30.703700265288667,1.3461926890152058,0.011357783608493446,0.010661032522031889,-1.1318586768215576e-11,5.135366622114889e-05,20.0,,True
95.0,-178.14999999999998,0.4,0.8521878222227397,12.35993940863323,2.130469555556849,278.54896770269187,168.22729948683207,30.899848464097627,30.742830218627557,1.3463084824961402,0.011373202356676953,0.010661032522031889,2.2095101548806516e-12,1.9930428478998675e-05,15.0,,True
95.0,-178.14999999999998,0.55,1.1717582555562671,16.994916686870692,2.130469555556849,625.816210884634,224.30428326616692,30.899848464097627,30.782009972365294,1.346424188131976,0.011388643476892352,0.010661032522031889,1.7498825760202175e-12,1.621476878869756e-05,11.0,,True
95.0,-178.14999999999998,0.7,1.4913286888897943,21.62989396510815,2.130469555556849,1996.0686177910163,336.4582535134999,30.899848464097627,30.821239534529784,1.3465398060939313,0.011404106984348234,0.010661032522031889,-4.2129092878507945e-11,2.0099131686672086e-06,9.0,,True
95.0,-178.14999999999998,0.85,1.8108991222233217,26.26487124334561,2.130469555556849,15041.66752419767,672.9201694527867,30.899848464097627,30.860519015712796,1.3466553365526568,0.011419592934721683,0.010661032522031889,3.062809785590157e-12,1.174593237555545e-06,6.0,,True
100.0,-173.14999999999998,0.1,0.32376718594438725,4.695846028799932,3.2376718594438723,27.99439172740851,65.89598304053436,46.958460200638754,46.419256136961565,1.312482051865897,0.016647687253080766,0.009478240518325015,-1.3596113560326696e-11,0.00019350681385681698,32.0,,True
100.0,-173.14999999999998,0.25,0.8094179648609681,11.739615071999829,3.2376718594438723,45.7593055169402,79.07617285140238,46.958460200638754,46.50868678779062,1.3126854363849383,0.01668266611415998,0.009478240518325015,2.364093421313533e-12,7.237162706507921e-05,21.0,,True
100.0,-173.14999999999998,0.4,1.295068743777549,18.783384115199727,3.2376718594438723,84.28104745924541,98.84645923737125,46.958460200638754,46.59829166063056,1.3128885388892146,0.0167177265184024,0.009478240518325015,2.3743989724090585e-11,2.1492378852229712e-05,16.0,,True
100.0,-173.14999999999998,0.55,1.78071952269413,25.827153158399625,3.2376718594438723,187.741111381342,131.7969388441837,46.958460200638754,46.68807109012146,1.3130913603806236,0.01675286869110704,0.009478240518325015,1.0276695552457955e-11,1.2237972014453932e-05,12.0,,True
100.0,-173.14999999999998,0.7,2.2663703016107104,32.87092220159952,3.2376718594438723,593.1227483178536,197.69790218640082,46.958460200638754,46.77802538516483,1.31329390185508,0.0167880928480675,0.009478240518325015,-9.303851529040356e-12,5.147291958171479e-06,9.0,,True
100.0,-173.14999999999998,0.85,2.7520210805272916,39.91469124479942,3.2376718594438723,4421.902861662551,395.4008017969566,46.958460200638754,46.86815495146265,1.3134961643025538,0.016823399243567193,0.009478240518325015,-8.145507585903298e-12,2.6159242323447847e-07,7.0,,True
105.0,-168.14999999999998,0.1,0.47223850068062534,6.849240393522936,4.722385006806253,9.154850399295478,39.914855300048,68.49240380780749,67.34490413303237,1.2770657639418799,0.023567138765483945,0.00832430132402883,-2.8072321184211264e-12,0.00017388537862134647,35.0,,True
105.0,-168.14999999999998,0.25,1.1805962517015633,17.12310098380734,4.722385006806253,14.84563094403275,47.899138568470946,68.49240380780749,67.53477302235862,1.2774134534306705,0.023641760538337796,0.00832430132402883,2.4733322629261026e-12,6.062933740385949e-05,23.0,,True
105.0,-168.14999999999998,0.4,1.8889540027225014,27.396961574091744,4.722385006806253,27.10212383606141,59.87556739981607,68.49240380780749,67.72519175718138,1.2777602822573983,0.023716656856871163,0.00832430132402883,-2.3208101067123263e-11,2.6685477943172973e-05,17.0,,True
105.0,-168.14999999999998,0.55,2.5973117537434396,37.67082216437615,4.722385006806253,59.775692870858116,79.836287638457,68.49240380780749,67.91616217038784,1.2781062558595084,0.023791829091186552,0.00832430132402883,2.579685550231925e-11,1.0793134907116553e-05,13.0,,True
105.0,-168.14999999999998,0.7,3.3056695047643774,47.94468275466055,4.722385006806253,186.74088187840275,119.7577365618237,68.49240380780749,68.10768627966729,1.2784513796172137,0.023867278691011008,0.00832430132402883,-3.7759539214005164e-12,2.856343378502843e-06,10.0,,True
105.0,-168.14999999999998,0.85,4.014027255785315,58.21854334494495,4.722385006806253,1374.4858166355841,239.52210098838438,68.49240380780749,68.29976614016408,1.278795658854357,0.023943007127938874,0.00832430132402883,6.595552701136273e-12,6.827357343738502e-07,7.0,,True
110.0,-163.14999999999998,0.1,0.6652608290151529,9.648792582036254,6.652608290151528,3.133336894220248,24.70944458545915,96.48792564085836,94.19119913389277,1.2392969660106274,0.03236483952900234,0.007201559892297763,5.647442000347934e-12,0.00019067205356075335,38.0,,True
110.0,-163.14999999999998,0.25,1.663152072537882,24.121981455090634,6.652608290151528,5.034704585896498,29.65302539231724,96.48792564085836,94.5699671893116,1.2398822625310755,0.03251635626338193,0.007201559892297763,2.019888014722984e-12,6.251489741189078e-05,25.0,,True
110.0,-163.14999999999998,0.4,2.6610433160606117,38.59517032814502,6.652608290151528,9.097360759420333,37.06840502752744,96.48792564085836,94.95033069350586,1.2404649982632978,0.03266874475020907,0.007201559892297763,5.680419763853615e-12,3.911569420669496e-05,18.0,,True
110.0,-163.14999999999998,0.55,3.658934559583341,53.0683592011994,6.652608290151528,19.832579638352996,49.427382730422615,96.48792564085836,95.33229862942807,1.2410452016643947,0.0328220126410009,0.007201559892297763,-4.113975997333751e-12,1.1511796911626522e-05,14.0,,True
110.0,-163.14999999999998,0.7,4.656825803106069,67.54154807425377,6.652608290151528,61.13544779397866,74.1453555160431,96.48792564085836,95.71588071148084,1.2416229006695538,0.03297616795310365,0.007201559892297763,2.6382210804545094e-13,8.961851342687615e-06,10.0,,True
110.0,-163.14999999999998,0.85,5.654717046628799,82.01473694730815,6.652608290151528,443.04272224667176,148.29930981180578,96.48792564085836,96.10108645537684,1.242198122705451,0.03313121869860353,0.007201559892297763,-3.6275539856249505e-12,1.922488024609733e-06,7.0,,True
115.0,-158.14999999999998,0.1,0.9098102230488729,13.195681676028398,9.09810223048873,1.1038855135956296,15.501181161152305,131.9568165147942,127.58639355189672,1.198399015056965,0.04330852427273058,0.006112861299725386,-5.1280422251334524e-12,0.00025939714144005186,41.0,,True
115.0,-158.14999999999998,0.25,2.2745255576221823,32.989204190071,9.09810223048873,1.7548216856787895,18.60355368883656,131.9568165147942,128.30385092904598,1.1993814663633247,0.04360467256573144,0.006112861299725386,6.04317516241611e-12,8.1132719313939e-05,27.0,,True
115.0,-158.14999999999998,0.4,3.6392408921954917,52.78272670411359,9.09810223048873,3.132623471644059,23.25713008449796,131.9568165147942,129.0256312025896,1.2003562826474552,0.04390347940245771,0.006112861299725386,-9.068884964062376e-14,3.147733205003578e-05,20.0,,True
115.0,-158.14999999999998,0.55,5.003956226768802,72.5762492181562,9.09810223048873,6.7349874549828685,31.01311460651951,131.9568165147942,129.75177545724782,1.2013236136769416,0.04420498543639373,0.006112861299725386,4.4519980732669844e-12,1.5336055023061533e-05,15.0,,True
115.0,-158.14999999999998,0.7,6.3686715613421105,92.36977173219879,9.09810223048873,20.427850762422356,46.52511992513848,131.9568165147942,130.48232578459402,1.2022836044185774,0.04450923244464826,0.006112861299725386,-5.441330978437426e-13,7.363747029674474e-06,11.0,,True
115.0,-158.14999999999998,0.85,7.7333868959154195,112.16329424624138,9.09810223048873,145.22215874225125,93.06120959822768,131.9568165147942,131.2173249814574,1.2032363952518914,0.04481626323026204,0.006112861299725386,2.1105768643636075e-12,7.323221832689499e-07,8.0,,True
120.0,-153.14999999999998,0.1,1.213037738843543,17.59362497505022,12.130377388435429,0.39352259368058157,9.765035047222971,175.936249423194,167.95532898495966,1.1531194344402163,0.05664634914821247,0.005061742317535675,3.674959520664367e-12,0.00022913688578351206,46.0,,True
120.0,-153.14999999999998,0.25,3.0325943471088572,43.984062437625546,12.130377388435429,0.6175923605297287,11.72068591365925,175.936249423194,169.25721797076673,1.1547923858096767,0.05720888398261298,0.005061742317535675,-1.2820105562833632e-11,0.00013390718072780946,29.0,,True
120.0,-153.14999999999998,0.4,4.852150955374172,70.37449990020087,12.130377388435429,1.0864908095129608,14.654198929371564,175.936249423194,170.57017190476392,1.1564416267045776,0.05777932280383676,0.005061742317535675,-2.7866210162300755e-12,3.469006949236042e-05,22.0,,True
120.0,-153.14999999999998,0.55,6.671707563639487,96.76493736277621,12.130377388435429,2.296658319983043,19.543436917169533,175.936249423194,171.89436908146203,1.1580679975929775,0.058357875219214594,0.005061742317535675,-3.4626651680965436e-13,2.6241476599576907e-05,16.0,,True
120.0,-153.14999999999998,0.7,8.491264171904799,123.15537482535152,12.130377388435429,6.827742150905032,29.32198888031052,175.936249423194,173.2299900027304,1.1596722908896646,0.05894475844386941,0.005061742317535675,1.7643103475539532e-12,8.140692463556093e-06,12.0,,True
120.0,-153.14999999999998,0.85,10.310820780170115,149.54581228792688,12.130377388435429,47.371708569363626,58.65779948121257,175.936249423194,174.5772202575901,1.1612552547211146,0.05954019897046532,0.005061742317535675,-1.708248149594295e-11,2.864903757191804e-06,8.0,,True
125.0,-148.14999999999998,0.1,1.5823308932437055,22.94976935235865,15.823308932437053,0.13921898208515063,6.108850139166923,229.49769309663367,215.39194775651848,1.1011391875457277,0.0725450819137432,0.004052739813526672,-5.276442160909019e-13,0.0002760917467746232,51.0,,True
125.0,-148.14999999999998,0.25,3.955827233109263,57.37442338089662,15.823308932437053,0.21505520832732522,7.33381243866174,229.49769309663367,217.67309997758892,1.104117464225609,0.07359161844041329,0.004052739813526672,-9.63775138453538e-12,0.0001073059860875794,33.0,,True
125.0,-148.14999999999998,0.4,6.329323572974822,91.7990774094346,15.823308932437053,0.37152578887932364,9.17133352167782,229.49769309663367,219.98113790773945,1.1070136297360853,0.07466129032689112,0.004052739813526672,-3.644042867377791e-12,5.286885324909502e-05,24.0,,True
125.0,-148.14999999999998,0.55,8.70281991284038,126.22373143797257,15.823308932437053,0.7688262685388395,12.23397483040346,229.49769309663367,222.3168201211596,1.1098332486230016,0.0757551692034311,0.004052739813526672,-5.06208669812209e-12,2.380099459642663e-05,18.0,,True
125.0,-148.14999999999998,0.7,11.076316252705936,160.64838546651055,15.823308932437053,2.2279566937967075,18.35942099358526,229.49769309663367,224.68092923445343,1.112581290678075,0.07687439994828056,0.004052739813526672,-3.726487276141994e-12,1.2682519765200357e-05,13.0,,True
125.0,-148.14999999999998,0.85,13.449812592571494,195.0730394950485,15.823308932437053,14.973474047222707,36.73609612300295,229.49769309663367,227.07427404075503,1.1152622162004917,0.07802020838688911,0.004052739813526672,3.0999097695340484e-12,2.0860914322131237e-06,9.0,,True
130.0,-143.14999999999998,0.1,2.0254613312694523,29.376832989379,20.25461331269452,0.04767747186551814,3.7362762322526795,293.7683293472694,269.4263957877902,1.0370039480403317,0.09093165691380971,0.0030919245228262916,1.1377328409460072e-12,0.0003239484072334731,57.0,,True
130.0,-143.14999999999998,0.25,5.06365332817363,73.4420824734475,20.25461331269452,0.07216439617246788,4.4872072030931545,293.7683293472694,273.3195196972287,1.0429695958142777,0.09285012845406461,0.0030919245228262916,-1.3355994219800954e-12,0.00012285937455469632,37.0,,True
130.0,-143.14999999999998,0.4,8.101845325077809,117.507331957516,20.25461331269452,0.12178025397768945,5.613780625928741,293.7683293472694,277.273367684637,1.0485620530540571,0.09483499805451749,0.0030919245228262916,-2.803109897982916e-12,5.9223340738126806e-05,27.0,,True
130.0,-143.14999999999998,0.55,11.140037321981987,161.5725814415845,20.25461331269452,0.24511732889367188,7.491644496234729,293.7683293472694,281.29148648267727,1.0538360644569598,0.0968918822100712,0.0030919245228262916,2.0116435738465634e-12,3.33276032629397e-05,20.0,,True
130.0,-143.14999999999998,0.7,14.178229318886164,205.63783092565296,20.25461331269452,0.6866201758057339,11.247746339393279,293.7683293472694,285.3774915637262,1.0588343398366753,0.09902702174820684,0.0030919245228262916,5.903019667516965e-12,9.378577862694916e-06,15.0,,True
130.0,-143.14999999999998,0.85,17.216421315790342,249.70308040972148,20.25461331269452,4.418068866130921,22.51683052581099,293.7683293472694,289.5351284867475,1.0635909450785779,0.10124742308971568,0.0030919245228262916,-3.6275539856249503e-13,2.538835290214937e-06,10.0,,True
135.0,-138.14999999999998,0.1,2.550872135838774,36.99727245092845,25.50872135838774,0.015242134170585661,2.1779197178556102,369.9727238209948,328.40496185431124,0.9367742650691945,0.11103512593767545,0.002187922131918122,-1.228421690586631e-12,0.00033290033217959586,64.0,,True
135.0,-138.14999999999998,0.25,6.377180339596935,92.49318112732112,25.50872135838774,0.022436389789083633,2.616937681189187,369.9727238209948,335.01426110885427,0.9560370130819771,0.1145419752452517,0.002187922131918122,7.914663241363528e-13,0.00017114510122836577,41.0,,True
135.0,-138.14999999999998,0.4,10.203488543355096,147.9890898037138,25.50872135838774,0.03666504679623543,3.2760813942415035,369.9727238209948,341.7152144970569,0.9708048424996008,0.1182186772490157,0.002187922131918122,-1.9127102833295193e-12,8.960193907664858e-05,30.0,,True
135.0,-138.14999999999998,0.55,14.029796747113258,203.48499848010647,25.50872135838774,0.07102563152347818,4.375360422957294,369.9727238209948,348.5387749316026,0.9830344455387227,0.12210087334819197,0.002187922131918122,-5.276442160909019e-13,3.256067529348133e-05,23.0,,True
135.0,-138.14999999999998,0.7,17.856104950871416,258.9809071564991,25.50872135838774,0.18968418317696906,6.574926787513123,369.9727238209948,355.5086059731156,0.9936025586485205,0.12622634682915687,0.002187922131918122,1.352088303732936e-12,1.296587740659081e-05,17.0,,True
135.0,-138.14999999999998,0.85,21.68241315462958,314.4768158328918,25.50872135838774,1.1455605861427438,13.175669873333634,369.9727238209948,362.6460974548358,1.0029830922968965,0.1306393817728891,0.002187922131918122,1.1212439591931664e-12,5.7815340579509485e-06,11.0,,True
140.0,-133.14999999999998,0.1,3.168227119785178,45.95124949238973,31.68227119785178,,,459.5124940690296,,,,,,,,202.2,False
140.0,-133.14999999999998,0.25,7.920567799462945,114.87812373097431,31.68227119785178,,,459.5124940690296,,,,,,,,202.2,False
140.0,-133.14999999999998,0.4,12.672908479140713,183.8049979695589,31.68227119785178,,,459.5124940690296,,,,,,,,202.2,False
140.0,-133.14999999999998,0.55,17.42524915881848,252.7318722081435,31.68227119785178,,,459.5124940690296,,,,,,,,-704.8,False
140.0,-133.14999999999998,0.7,22.177589838496246,321.65874644672806,31.68227119785178,0.042555795211728094,3.4845484179071535,459.5124940690296,434.389201939539,0.899367977830711,0.15895319504517205,0.0013541811134292917,-1.7148437022954312e-12,1.1927476151262302e-05,20.0,,True
140.0,-133.14999999999998,0.85,26.92993051817401,390.5856206853126,31.68227119785178,0.23205732385707928,6.996620459384259,459.5124940690296,446.7291163369257,0.9249748156403639,0.16817566627904573,0.0013541811134292917,2.704176607465872e-12,7.2311066939247725e-06,13.0,,True
