Run_ID,N_Cells,Therm_kT,Nsteps,Nc,V,rho_c,uc,uc_uncertainty,rho_liquid,rho_liquid_uncertainty,u_EOS,u_EOS_uncertainty,u_EOS_mean_uncertainty,u_EOS_density_uncertainty,u_EOS_density_slope,P_EOS,P_EOS_uncertainty,P_EOS_mean_uncertainty,P_EOS_density_uncertainty,P_EOS_density_slope,Q,Q_uncertainty,Q_uncertainty_uc_component,Q_uncertainty_u_EOS_component,Q_uncertainty_P_EOS_component,Q_uncertainty_rho_liquid_component,T_K,T_C,P_bar,P_psia,Q_MD_keV,Q_MD_uncertainty_keV,rho_liquid_mol_L,rho_liquid_uncertainty_mol_L
20260922151435,15,1.0,500000,10679,20149.25567470314,0.529994763697758,-3.627646049859604,0.001555295291042428,0.5936264643980288,0.0022366391593118414,-3.750632078893377,0.012182526058779135,0.00014491200903272902,0.012181664158992021,-5.4464145940912605,-0.014137280549813173,0.0029449493706024087,0.000511415132732401,0.002900203675162112,1.2966792891413172,1282.833701410619,131.31075515345466,16.608998413042087,130.0971957817024,6.360585831045369,0.9582214302447177,128.5995507884122,-144.5504492115878,-6.625738812823301,-96.09821699906969,0.014216173046537968,0.0014551737826649697,26.02004556610917,0.09806334730248847
20260922152304,15,1.0,500000,10692,20300.750224899246,0.5266800429319141,-3.6169347687858617,0.0018157708915806803,0.5959740646759351,0.0022290251646748414,-3.7634548524711384,0.01222510194180388,0.00013677300340585153,0.012224336817718838,-5.484162768302376,-0.01105676809772202,0.0030148971225241717,0.0004967547002253612,0.0029736912124846693,1.3340770035310283,1540.4946464761126,132.33825787097933,19.414222372780635,130.7107899617671,7.116279421259162,0.7419034677247802,128.5995507884122,-144.5504492115878,-5.181990784672614,-75.15842217457609,0.017071533471164906,0.0014665636235789477,26.1229464134696,0.0977299056302232
20260922150903,15,1.0,500000,10828,21428.572016710146,0.505306652797781,-3.581441453816455,0.0020945675767032757,0.5990264761825699,0.002403307804365208,-3.780194774009363,0.013180964832306973,0.00014824287419648263,0.013180131181470205,-5.484162768302376,-0.006984616101407004,0.0032475988079260112,0.0005169085906919085,0.0032061976742102714,1.3340770035310283,2128.6844924365782,144.92472685019823,22.679977720543068,142.7234872042199,10.887822891169638,0.5065334713849088,128.5995507884122,-144.5504492115878,-3.2734896808972596,-47.47795386836803,0.02358976621263073,0.0016060529303422097,26.256740796389664,0.10536745615364437
20260922150609,15,1.0,500000,10795,20769.231500622078,0.5197592409558663,-3.6013296293486627,0.001756716972075894,0.5993119999089904,0.0022648167473213747,-3.7817606325992656,0.012421521157498538,0.00014931577024689544,0.012420623682687574,-5.484162768302376,-0.006603705464026871,0.003065655934671979,0.000518793793226158,0.0030214399398133898,1.3340770035310283,1929.5468538145417,135.6888805355581,18.963759713559273,134.09032089519673,8.451739659164554,0.44950803798922684,128.5995507884122,-144.5504492115878,-3.0949677660626445,-44.88871239726391,0.021382952400663645,0.001503700375575066,26.269255973554486,0.09929860929342939
20260922151558,15,1.0,500000,10887,21600.000184695928,0.5040277734679687,-3.5838075666399942,0.0017961071532502468,0.5996439521503725,0.0024353489796492107,-3.7835811127223073,0.01335669883894232,0.0001505631280520395,0.01335585020201538,-5.484162768302376,-0.006160855612528497,0.0032904493623311126,0.0005209855452551347,0.003248943069322766,1.3340770035310283,2153.7152151994933,147.1609795238417,19.55421857743544,145.41438025956504,11.33305226859762,0.45427992063082373,128.5995507884122,-144.5504492115878,-2.887416714148025,-41.87843888834222,0.02386715297436472,0.0016308349016763057,26.28380622184116,0.10677162038200709
20260922152141,15,1.0,500000,10708,20610.68888556353,0.5195362493439154,-3.6139455671474123,0.002197957650888994,0.5998377891380715,0.0023007559155995214,-3.7846441463133664,0.012618626921408116,0.00015129149812878717,0.012617719931282339,-5.484162768302376,-0.005902262144805486,0.003113501055852792,0.0005222653757792826,0.003069385557739297,1.3340770035310283,1811.5548873592859,137.42408436878114,23.535730525719348,135.12025707443811,8.590759790576644,0.4041380667107211,128.5995507884122,-144.5504492115878,-2.76622135625739,-40.1206488318864,0.020075382907139477,0.0015229275332406267,26.292302553380964,0.10087354156034348
20260922150734,15,1.0,500000,10817,21093.748699560092,0.5128059575406617,-3.59194335661238,0.0016883731463560436,0.6000552912796847,0.0023686943184930377,-3.785841480794143,0.013184701421689591,0.00015166652306868665,0.013183829066128087,-5.565863422391976,-0.005606834708287771,0.00342559568584297,0.0005227032182263114,0.003385481819257316,1.4292607504589947,2080.199417950464,144.16741682716645,18.263132324133323,142.6189152784163,10.506564240689876,0.39897994100383133,128.5995507884122,-144.5504492115878,-2.6277629713076633,-38.11247973586224,0.023052461799509257,0.0015976597894730162,26.301836184333958,0.10385071468494206
20260922151026,15,1.0,500000,10904,21774.1918102254,0.5007763362716113,-3.574241911077761,0.002400950681380307,0.6001242803248653,0.002332813665113169,-3.7862254643972597,0.012985004607806053,0.00015137392162522238,0.01298412224990955,-5.565863422391976,-0.005508231373799496,0.003374800202650378,0.0005219131840197513,0.003334199009680646,1.4292607504589947,2291.6135733480587,144.50199596418096,26.179966229770866,141.5884902435172,12.164879090797047,0.3890412676723693,128.5995507884122,-144.5504492115878,-2.5815504102644864,-37.44222320377331,0.025395322151801993,0.0016013713046431855,26.30486013661173,0.10227837558232952
20260922152017,15,1.0,500000,10765,20930.23207728351,0.5143277895940639,-3.6109138947951704,0.0019770988415888013,0.6007936143978585,0.0022464743294364313,-3.7899508864314932,0.012504451523453577,0.0001485350924255294,0.012503569299552774,-5.565863422391976,-0.004551578454325476,0.0032517183758387423,0.0005142482451603061,0.003210797585977181,1.4292607504589947,1913.6226529542055,136.6345021416814,21.283469029703447,134.61042064997775,9.795038552231794,0.3049487877158576,128.5995507884122,-144.5504492115878,-2.1331945644123995,-30.93937143362697,0.021206482765659954,0.0015141792352099273,26.334198624908225,0.09849496463234385
20260922151313,15,1.0,500000,10732,20454.547156820037,0.5246755118908459,-3.6238488165721843,0.0014340426685388592,0.6017512253549749,0.0022186402662217027,-3.795280818230589,0.012349493814174576,0.00014447360197300952,0.01234864870520937,-5.565863422391976,-0.0031829026991094782,0.0032107058174262494,0.0005032820778402885,0.0031710154518985747,1.4292607504589947,1831.469245100816,133.69040376178688,15.390145918759037,132.53476761372156,8.411839046992679,0.20929408308126154,128.5995507884122,-144.5504492115878,-1.4917354067227881,-21.63579290855832,0.020296070869618904,0.0014815521564656567,26.376172967753675,0.09727535331151761
20260922151853,15,1.0,500000,10840,21259.84048369047,0.5098815303113835,-3.600570035247634,0.002169266758678263,0.6054227712528067,0.0022163848275479825,-3.8157546452164204,0.012538646325078505,0.00013186670398876517,0.012537952896616888,-5.656938605958516,0.0020968627345891067,0.0033687394895715577,0.00046538745095549424,0.0033364382609441445,1.505351516340821,2339.6361401096397,138.4003588676979,23.51485166407237,135.91892616385098,11.302110662860896,0.13744436806117316,128.5995507884122,-144.5504492115878,0.9827395556575732,14.253432219569952,0.025927501122833742,0.0015337557727849321,26.537105468727198,0.09717685204792792
20260922151722,15,1.0,500000,10967,21951.219430638732,0.4996077796339939,-3.593669301281231,0.0018580869170857633,0.60955812626623,0.0025686200171685285,-3.8391480946411987,0.01453123264094534,0.00014333111639946495,0.014530525739158475,-5.656938605958516,0.008322025674653358,0.003893780123119041,0.0004586284621587792,0.0038666760377480303,1.505351516340821,2725.116970842165,161.40085649062235,20.377639219679565,159.36402837324755,15.41741463269673,0.6309377412255207,128.5995507884122,-144.5504492115878,3.900295273873691,56.56900040547306,0.03019934258583152,0.0017886477182842075,26.71836781522724,0.11261270638727325
20260922151149,15,1.0,500000,10910,22131.147918868603,0.4929703619529983,-3.5938490168974533,0.002308422558545588,0.6115473314549731,0.002379576046432375,-3.8505934968121385,0.013758044827232929,0.00014387588172633763,0.013757292509749447,-5.781404855867217,0.012001839338297883,0.004661074546345639,0.0004820012412536508,0.004636085712108992,1.9482822240792568,2852.5840299856495,153.50934603936594,25.184890113732365,150.10026906511126,20.001393822882942,0.8331285111956386,128.5995507884122,-144.5504492115878,5.624918629069769,81.58254743943402,0.031611913652934344,0.0017011993252789995,26.80555936202582,0.10432854337199907
20260921235908,20,1.0,500000,29372,50393.70116582305,0.5828506206231991,-3.7588685966236994,0.0015363753602075539,0.6000766249471945,0.0011053425266705668,-3.7859602210738013,0.0061540525018291044,0.0001515760411393976,0.0061521855384100346,-5.565863422391976,-0.005576343334652698,0.0016639720688456277,0.0005224589138292874,0.0015798226891834157,1.4292607504589947,787.668350365146,186.320885048268,45.126417080016274,180.75683008372445,2.407133241683493,0.5027666761515085,128.5995507884122,-144.5504492115878,-2.613472537087422,-37.905214510428074,0.008728823977542039,0.002064782425784945,26.302771289208806,0.048503889056164144
20260921225122,20,1.0,500000,29413,50793.64695577399,0.5790684812533718,-3.7575215481709767,0.0007583319796568097,0.6024555123938153,0.0011345015475918456,-3.799200783698936,0.006316065588933215,0.00014148652766811937,0.006314480666388542,-5.565863422391976,-0.0021762928774379034,0.0016954342345863644,0.0004952168719737015,0.001621498533308012,1.4292607504589947,1221.620173436139,187.1386179450202,22.304818517645742,185.77443716729263,3.3430313999039183,0.20008373753030442,128.5995507884122,-144.5504492115878,-1.0199661904779684,-14.793358910340167,0.013537813797387131,0.002073847180118109,26.407043526836365,0.04978102671110792
20260918194755,20,1.0,500000,31470,54700.86077077582,0.5753108736602001,-3.7591772741418,0.00100905863450034,0.6060187953391385,0.001064470502736966,-3.819126316880472,0.006023124371581235,0.00013351905690894681,0.006021644281836813,-5.656938605958516,0.0029940884967242557,0.0016683443241612935,0.00046441328547054504,0.001602402285395168,1.505351516340821,1894.895324519412,192.24511182700414,31.7550752277257,189.54772397366145,4.624280600161792,0.2731007038189978,128.5995507884122,-144.5504492115878,1.4032435935520737,20.352327667178415,0.02099894928611726,0.0021304429474981778,26.563230607707613,0.0467155655662953
20260921235345,20,1.0,500000,29454,52032.51481517034,0.5660691224444246,-3.744110953203212,0.001148918485249879,0.606782273075381,0.0011525912321949658,-3.823445263561412,0.006521548470819866,0.00013563564027512952,0.006520137838292998,-5.656938605958516,0.004143390864669396,0.0017958112161239811,0.00046316542707651253,0.0017350549591058273,1.505351516340821,2351.1782472660443,195.14488811853926,33.84024506454993,192.08568865952833,6.26956376484839,0.3820407853313776,128.5995507884122,-144.5504492115878,1.9418887226582142,28.164714778205674,0.02605540904455166,0.002162583572281809,26.596695634415756,0.05057386063145423
20260918192601,20,1.0,500000,31472,54237.28185890924,0.5802650671519646,-3.7658502133739944,0.0010734245632904366,0.6070779976022066,0.001093533352760885,-3.8251181590539405,0.006187555863816377,0.00013645547507153336,0.006186051040136303,-5.656938605958516,0.004588560229545456,0.0017099390094193311,0.0004626820831417742,0.0016461520907478603,1.505351516340821,1876.2727211912872,197.68628443757035,33.78281785587662,194.734758146029,4.0961733269739735,0.42849309400552854,128.5995507884122,-144.5504492115878,2.1505268641130915,31.190755187919613,0.020792576354693226,0.0021907406998595952,26.60965793667905,0.047988132278943725
20260921235106,20,1.0,500000,29385,51199.99517794759,0.5739258353027433,-3.7615181345206152,0.0009260478113692994,0.6080365586623476,0.0011277171761795214,-3.8305406801212207,0.0063809434319137765,0.00013911288641315297,0.006379426830532455,-5.656938605958516,0.006031531574934017,0.0017591218500880358,0.00046111537279999455,0.0016976107611654315,1.505351516340821,2045.551924818454,189.53645910509968,27.211914937086863,187.50402274678632,5.0527414982454095,0.5406224934430681,128.5995507884122,-144.5504492115878,2.826806238724441,40.999358262888094,0.022668503413124666,0.0021004280786953333,26.651673924776986,0.0494849659197615
20260921235629,20,1.0,500000,29484,52892.56867628704,0.5574318044647802,-3.7391182566773864,0.0012466779191012565,0.6087358160722741,0.0011510725142580816,-3.8344963363589364,0.006513074074764019,0.00014105143227018666,0.006511546544164275,-5.656938605958516,0.007084159777279414,0.001792780588523919,0.00045997247866288375,0.0017327687547566445,1.505351516340821,2843.706817840063,195.68203383027625,36.75705176678145,192.03147602034235,7.991793800913371,0.6488132704292957,128.5995507884122,-144.5504492115878,3.320142953036479,48.15460237450512,0.03151353770296225,0.0021685438635257862,26.68232402338264,0.050507704159394914
20260921230414,20,1.0,500000,29476,52459.01728917001,0.561886240405903,-3.7465098723144137,0.001155258460197802,0.6091002516871961,0.001174691988369201,-3.8365579262583744,0.006646678799929066,0.00014206175427955474,0.006645160459115905,-5.656938605958516,0.007632763482810761,0.0018270189204297475,0.00045937683059146404,0.001768324365924991,1.505351516340821,2685.2937482187285,198.99481305276402,34.05239837279041,195.91750430670916,7.429255870592641,0.7123555328227906,128.5995507884122,-144.5504492115878,3.5772578098712167,51.883738098655535,0.029758027531929326,0.002205252568466937,26.698298094410283,0.05154198972990635
20260918192848,20,1.0,500000,31450,55172.41409905331,0.5700312468389822,-3.7477544097321362,0.0016154239151312578,0.6091028891893034,0.0011119043255332056,-3.8365728464458693,0.006291578728439717,0.00014206906620605077,0.006289974505241056,-5.656938605958516,0.007636733850607462,0.0017356994338729853,0.0004593725197530627,0.001673806862467329,1.505351516340821,2820.367009399485,204.3820083545657,50.805082130878056,197.87015100942912,6.14281613513489,0.7198042484870588,128.5995507884122,-144.5504492115878,3.5791186076334944,51.91072668848715,0.031254889403264915,0.002264954263054702,26.698413702337376,0.04879281898713631
20260921225400,20,1.0,500000,29418,51612.89910571946,0.5699737954991189,-3.760035725802428,0.0013885687614057277,0.6119409860184291,0.0011474759393328951,-3.852869373216837,0.006635579193765977,0.00014370282332739468,0.006634022967649996,-5.781404855867217,0.01276878952670683,0.0022882767823643366,0.00048813121731711764,0.002235606975160927,1.9482822240792568,2776.1771072655324,199.601448949148,40.8489158230337,195.2054687222075,8.099666974184325,1.1510319424823974,128.5995507884122,-144.5504492115878,5.98436623378682,86.79589419120195,0.030765183453884987,0.0022119766295705307,26.822814168360676,0.050350791458787146
20260922001719,25,1.0,500000,59971,101626.02418995295,0.5901145939538675,-3.794988644352453,0.0007475674102602746,0.6077421988065052,0.0007792178496842597,-3.828875504488661,0.004410156475113673,0.00013829683488345885,0.004407987536330868,-5.656938605958516,0.005588416519591683,0.0012605525543472826,0.00046159648626217223,0.0011729967715820343,1.505351516340821,2048.701696491144,268.28102413533526,44.83236516071893,264.4814939690421,3.715692844183931,0.7070500629520423,128.5995507884122,-144.5504492115878,2.6191308933577644,37.987282029852935,0.02270340871621018,0.0029730598624057264,26.63877143925586,0.03423365629342018
20260922002205,25,1.0,500000,60005,103305.77299990234,0.5808484681689253,-3.7886058822733566,0.0005252612569496549,0.6092966422869653,0.0007648937330097358,-3.8376688958240566,0.004329306230596305,0.00014260620640567967,0.0043269568877185,-5.656938605958516,0.00792840036996853,0.0012395694357887348,0.0004590558419800118,0.001151433940825797,1.505351516340821,2982.2677037094486,261.75517250584085,31.51830172326404,259.7800203669313,5.978896886860433,0.9802041709940963,128.5995507884122,-144.5504492115878,3.7158143583418757,53.89333093618271,0.033049048914458146,0.002900752233377171,26.70690635677934,0.033607677082324816
20260921233737,25,1.0,500000,59898,102459.0181429102,0.5846044700179935,-3.79611745277625,0.0008281705134644086,0.6095268027685232,0.0007839275029832039,-3.8389708995377476,0.004436942640515569,0.00014324427851137794,0.0044346297558983455,-5.656938605958516,0.008274872799883424,0.0012660928367113767,0.00045867965852992187,0.0011800864553170396,1.505351516340821,2601.5020467644463,270.40794540910184,49.60575741549115,265.76399028160154,5.30409903012162,1.0458368356087187,128.5995507884122,-144.5504492115878,3.8781960708905916,56.2484785642459,0.028829460308891712,0.002996635663709535,26.716994832574848,0.03444007932694269
20260918193606,25,1.0,500000,61959,105932.20394129747,0.5848929569551361,-3.8022964638803645,0.0005787836504146632,0.6102257713242507,0.0007517809585094106,-3.8429530226550597,0.004348750031842424,0.000144456865923045,0.004346350084074817,-5.781404855867217,0.009427067227559618,0.001535643854355113,0.0004614219498651835,0.0014646814778651498,1.9482822240792568,2560.496690408443,271.9065579976915,35.86085619604212,269.4442032229247,6.753227958026681,1.179210222533435,128.5995507884122,-144.5504492115878,4.418196625627674,64.08052446202707,0.028375045024080524,0.0030132425219716184,26.747632270020887,0.03303456533521742
20260918195515,25,1.0,500000,61946,106837.61225116758,0.5798145306202593,-3.790444335397881,0.0009004599788708713,0.6105949769946294,0.0007594801321129558,-3.845087550110601,0.004393232421400733,0.0001442945557452194,0.004390862123732518,-5.781404855867217,0.010146384072187667,0.00155167867054814,0.00046717120856054395,0.0014796816409370372,1.9482822240792568,3439.574425023285,277.92945593188045,55.77989385113499,272.14317557608985,8.356947039936626,1.28036716626279,128.5995507884122,-144.5504492115878,4.755319845286255,68.97008338268284,0.038116854256953964,0.0030799983492396576,26.763815423809795,0.033371305038216906
20260918195040,25,1.0,500000,61966,105042.01422891488,0.5899163344769777,-3.8062040198412688,0.0007620151781665896,0.6106868525704758,0.0007671949883878761,-3.845618720010935,0.004437809992958896,0.00014425416540929048,0.00443546483126266,-5.781404855867217,0.010325383623436341,0.0015664459030605893,0.00046860189204052583,0.0014947123582787908,1.9482822240792568,2479.2604053464734,279.07709095139546,47.21903253027089,274.9933340236909,5.596380072913881,1.3162193635334187,128.5995507884122,-144.5504492115878,4.839211812345081,70.1868334965411,0.02747479654695606,0.0030927040663216872,26.767842546610595,0.03370867199275388
20260918194043,25,1.0,500000,61947,107758.6083297696,0.574868225937235,-3.7918966356701107,0.0010764506588847723,0.6114508980765285,0.0007640492365661242,-3.8500359764097314,0.004419621828005878,0.00014391827576321038,0.0044172779664050305,-5.781404855867217,0.011813959901266439,0.001564212524960725,0.00048049958381979634,0.0014885835459231066,1.9482822240792568,3677.7237680939065,281.97038872281075,66.68288896593499,273.7823133794801,10.08466719623016,1.4955947884385328,128.5995507884122,-144.5504492115878,5.536864913669243,80.30543626901522,0.04075598999862373,0.0031247825767092533,26.801332460006275,0.03357132044684979
20260922005924,30,1.0,500000,105456,178512.38300027035,0.5907489342060953,-3.817248131987711,0.0004949561437359482,0.6123963272099194,0.0005638373832784527,-3.855501884992396,0.0032629293145163087,0.00014350264625620745,0.0032597721856055116,-5.781404855867217,0.0136559226759786,0.0012049806581752233,0.0004952217755467537,0.0010985143511127722,1.9482822240792568,4120.259032418917,348.1215742620167,52.19609509381816,344.09547379163183,7.603638267471001,2.165115431506673,128.5995507884122,-144.5504492115878,6.400140152862778,92.82618506541915,0.04566010024293828,0.0038578606895383538,26.842772844837,0.02482464057490605
20260921223127,30,1.0,500000,105457,177049.18335094882,0.5956367490888788,-3.8200437273349603,0.0005824408047659083,0.6126075721556826,0.0005629665421841894,-3.8567231775476087,0.0032578954192763318,0.00014340977876401426,0.003254737500674449,-5.781404855867217,0.014067487448735608,0.0012047915062039344,0.0004985112749740898,0.0010968177068888213,1.9482822240792568,3937.101908380217,349.07230707568897,61.42245994819839,343.5678772306241,5.909168444785229,2.225408859072025,128.5995507884122,-144.5504492115878,6.593028783688099,95.6237981355013,0.04363038012631115,0.003868393979131427,26.852032208163976,0.024786715521930368
20260918190731,30,1.0,500000,107457,183050.86316839192,0.5870335607275902,-3.819598943303845,0.0008353586199291999,0.6149508981309464,0.0005540581219612965,-3.8702708937198786,0.0032063970496681547,0.0001423796059192736,0.0032032343167397105,-5.781404855867217,0.018632947791565192,0.0012047671552585845,0.0005350014708736571,0.001079461590123931,1.9482822240792568,5599.897109589389,356.2038585523005,89.76513122173203,344.5498077661909,10.011714477254008,2.933531284884168,128.5995507884122,-144.5504492115878,8.732729391970313,126.65753175774896,0.06205723022804238,0.00394745069748372,26.954745702776183,0.024398867167108144
20260918191538,30,1.0,500000,107460,186206.89758430494,0.5770999967997835,-3.811892732211668,0.0004573579985487565,0.6151456499180317,0.000578967359618609,-3.87139620307833,0.003347767221179789,0.00014228654500127595,0.0033447421285231313,-5.777082374257607,0.01903549996470253,0.0013320701474303564,0.0005350321805816877,0.0012198981282947915,2.1070240109881007,6613.466495414623,363.4301339186603,49.14769052404937,359.7510655879801,15.340868478923422,3.1297474199751902,128.5995507884122,-144.5504492115878,8.921394075276584,129.39388164847173,0.07328945601671658,0.004027550406976507,26.96328213212688,0.02548591729416027
20260918200708,30,1.0,500000,107483,184615.38654911728,0.5821995772351507,-3.8248637956713742,0.0007532476332429524,0.6164573214804959,0.0005624063086063953,-3.8789738377426572,0.0032521535624416825,0.00014164286866241943,0.0032490675726212907,-5.777082374257607,0.021799223441344995,0.001297483832232448,0.0005284229101590431,0.0011850035961648586,2.1070240109881007,6039.55746960143,359.0682523562784,80.96131536385225,349.55122135191937,13.311457093898527,3.467567759344479,128.5995507884122,-144.5504492115878,10.21667217650539,148.18030223678787,0.06692948120863437,0.003979201535211546,27.020775784903464,0.024763661048550885
20260922211628,35,1.0,500000,149039,255970.1278054989,0.5822515356684456,-3.8254590240799975,0.0006386399754631714,0.6157479154830978,0.00047567708874097055,-3.874875540858896,0.0027516916304587756,0.0001419909953339394,0.0027480257252036327,-5.777082374257607,0.020304487971288226,0.001134703719272504,0.000531997475782347,0.0010022630474541424,2.1070240109881007,7647.721080236822,421.3234187099397,95.18226330305559,410.10936891194547,15.800349216066614,3.796630247354514,128.5995507884122,-144.5504492115878,9.516132438048428,138.01983233229691,0.08475091211647441,0.004669126186971939,26.989680849815137,0.020982125713278236
20260922231207,35,1.0,500000,149466,261832.07692511665,0.5708467875872478,-3.8147602019768856,0.0006387591391095104,0.6161346337855098,0.00048577266192391405,-3.8771096443475632,0.0028099289167939,0.00014180122113421692,0.002806348683096843,-5.777082374257607,0.02111931271995885,0.0011526382841306245,0.0005300488737761976,0.0010235346625552919,2.1070240109881007,9725.573203028656,431.29349338276,95.47277348614207,419.98883547751706,22.183084635497433,4.039280562445244,128.5995507884122,-144.5504492115878,9.898017479085356,143.55860658510022,0.10777736153875217,0.004779660897192886,27.00663162349773,0.021422072307295665
20260922230758,35,1.0,500000,149837,265891.4667595646,0.5635269225675897,-3.8085326215064383,0.0004207529096600437,0.6170490489678858,0.0004868713012490399,-3.8823922961804214,0.0028162452197545594,0.00014135249034395657,0.0028126956129776942,-5.777082374257607,0.023046007465237158,0.0011525865722565366,0.0005254413047842003,0.001025849521992748,2.1070240109881007,11598.424925893398,427.5113010557111,63.04435372473196,421.97773499236393,26.582243230348,4.415598411832795,128.5995507884122,-144.5504492115878,10.801004168022633,156.65532126585745,0.12853202689676,0.004737803853095465,27.046712593836364,0.02147032045493532
20260922211146,35,1.0,500000,149398,259848.4676395496,0.5749427786014053,-3.8212167161427963,0.00038506630925979723,0.6170601799688554,0.0004747299099053898,-3.8824566008899306,0.0027461937843242974,0.00014134702802994677,0.002742553795047329,-5.777082374257607,0.02306946075154646,0.0011298514664667965,0.0005253852177288824,0.001000267318904874,2.1070240109881007,9558.27486861211,414.79608544995364,57.52813647079519,410.27585899048137,20.038977594736437,4.297083357712848,128.5995507884122,-144.5504492115878,10.81199605212936,156.81474506657722,0.10592338617947689,0.00459683962753353,27.04720049181564,0.020941433385748276
20260922205458,35,1.0,500000,149787,263846.13959868567,0.5677058615594244,-3.8148608700900586,0.0005887679629653729,0.6172183668186257,0.000484997982844403,-3.883370459351578,0.0028054324128486538,0.00014126940102694602,0.002801873298240894,-5.777082374257607,0.02340276424223508,0.0011486849983466752,0.0005245881434479747,0.0010219023951339521,2.1070240109881007,10757.17508282405,430.0825857765284,88.18978686869431,420.2173048233613,24.31239561581054,4.462759985674202,128.5995507884122,-144.5504492115878,10.968205859731588,159.0803767813815,0.11920942075436124,0.004766271353375922,27.0541341938755,0.021388777255188587
20260922231737,35,1.0,500000,149315,257894.74673139583,0.5789765084106793,-3.826087832185651,0.0006358945752051528,0.6173893324936778,0.00047517886313838963,-3.884358142139524,0.0027487756884434274,0.00014118550307342108,0.0027451474348565586,-5.777082374257607,0.02376299302462451,0.0011299193133383276,0.0005237266790297891,0.0010012132741466155,2.1070240109881007,9081.926016451833,421.6860476785038,94.9485984967574,410.4334419199304,18.130385721492665,4.423270008487935,128.5995507884122,-144.5504492115878,11.137034781005651,161.5290332664385,0.10064455876374574,0.004673178520676252,27.061628021933867,0.020961128532679684
20260922210611,35,1.0,500000,151483,281147.4966702738,0.5388025922125046,-3.7786382006175394,0.0005089544706201746,0.6176826108551786,0.0004937681628896352,-3.886052435392502,0.0028560240678067545,0.00014104158263830694,0.0028525393507992706,-5.777082374257607,0.024380937574210025,0.0011641036564280526,0.0005222489036051031,0.0010403813750699449,2.1070240109881007,17146.789630282874,441.46389791972734,77.09795007295591,432.6390938635706,41.79530546755218,4.7797659785770215,128.5995507884122,-144.5504492115878,11.426647707051421,165.72951363536248,0.19001818264412673,0.004892633181220111,27.074483103011733,0.021771088355039384
20260922230634,35,1.0,500000,150227,270078.7063234448,0.5562341513147244,-3.8020752069746657,0.0007246294368217644,0.6178352559313917,0.0004926711231071824,-3.8869342785718093,0.00284969042214129,0.0001409666751488004,0.002846201661608203,-5.777082374257607,0.02470256441495001,0.0011616928256322897,0.0005214797532962546,0.0010380698859073078,2.1070240109881007,13413.317556855076,442.8563742427687,108.8589064054232,428.10044304701955,31.282212707315338,4.789627829629793,128.5995507884122,-144.5504492115878,11.577385002985245,167.91577327881032,0.14864439818406475,0.004907910098839383,27.08117389608905,0.02172334926290875
20260922205513,35,1.0,500000,150045,267968.7414073995,0.559934711832239,-3.8055827439982823,0.00033082022504672025,0.6180004549829352,0.0004910980616892243,-3.8878886471007257,0.0028406098561460933,0.00014088560704934392,0.0028371139562168926,-5.777082374257607,0.025050642783144738,0.0011583576358540533,0.0005206473458274486,0.001034755407728911,2.1070240109881007,12980.305748149396,430.1171478773435,49.63792066713514,426.21930586544056,29.164732418913264,4.8331584392580655,128.5995507884122,-144.5504492115878,11.740519372846956,170.2818372782901,0.14384582546416708,0.004766727242119421,27.088414959462128,0.0216548758581296
20260922210549,35,1.0,500000,150779,276612.85685254826,0.5450903537733046,-3.790795908328599,0.0006908139386307718,0.6181273066089769,0.0004975194442807649,-3.888621479393677,0.002877658598943055,0.000140823357174783,0.002874210812404847,-5.777082374257607,0.02531792220504737,0.001170175543215265,0.0005200081639437716,0.0010482854150330283,2.1070240109881007,15577.536324308052,447.88144330145184,104.16023485280914,433.8904858900349,38.24618270386281,4.970763713099241,128.5995507884122,-144.5504492115878,11.865785588886833,172.09867014051443,0.17262794996855946,0.004963677685133162,27.093975164890445,0.021934738398278947
20260922210033,35,1.0,500000,150234,272222.21367081284,0.5518800173363949,-3.7971654842473326,0.0005372814120769749,0.6184483970413404,0.0004895815887380044,-3.8904764452710268,0.0028318489546013486,0.00014066578852737154,0.002828353167059362,-5.777082374257607,0.02599446745573582,0.001154488986251662,0.0005183902486375746,0.0010315601628086769,2.1070240109881007,14780.152695307637,434.37760662918936,80.71793566197225,425.439995845579,33.82812084975669,4.998817666255296,128.5995507884122,-144.5504492115878,12.182862986503942,176.69748899264562,0.1637914627123536,0.004814007067030684,27.10804931451484,0.021588989059718722
20260922230100,35,1.0,500000,151214,283471.06086537195,0.533437168289343,-3.775913149033047,0.0005095039353660496,0.6186938579362132,0.0004994871005180953,-3.8918944930803665,0.0028889988064711085,0.00014054533354865157,0.0028855781245721262,-5.777082374257607,0.02651165945499159,0.0011726292367623865,0.0005171534165838619,0.0010524313139704537,2.1070240109881007,18573.617888674056,445.98816797527655,77.04412808244183,436.8570655217222,45.80597253420318,5.231203103049503,128.5995507884122,-144.5504492115878,12.425256075547924,180.2131035268228,0.20583008204049813,0.004942834347050055,27.118808443449172,0.022020718716830905
20260922224949,35,1.0,500000,150470,274400.034562907,0.5483599892386468,-3.794069925841892,0.0004615915807841947,0.6189103669935648,0.000493763361035858,-3.8931452837394596,0.0028559666704337005,0.0001404390860997067,0.002852511610094451,-5.777082374257607,0.02696784923742781,0.0011613323484998789,0.0005160624674850645,0.0010403712574487392,2.1070240109881007,15751.402068101046,436.8582718008647,69.45568516059777,429.7373049001589,36.325556070521365,5.230697183487105,128.5995507884122,-144.5504492115878,12.6390591713308,183.31405526579735,0.17455470438568174,0.004841536060099214,27.12829854518087,0.02177138723637911
20260922225520,35,1.0,500000,150788,278861.7712993809,0.5407266808117516,-3.7867104489392474,0.00046324012613311124,0.6195780072020325,0.0004940515952347652,-3.8970022962201436,0.0028576137270801567,0.00014011145514592396,0.002854176762804616,-5.777082374257607,0.028374583187370263,0.0011603861388590965,0.0005126983519480138,0.0010409785738266246,2.1070240109881007,17637.691731643125,438.49166810678975,69.85105213935958,430.89385867896266,41.181724009241904,5.506512006732951,128.5995507884122,-144.5504492115878,13.2983551157388,192.87633451074836,0.19545828701164727,0.004859721186506651,27.157562787407183,0.021784223218686814
20260922214303,40,1.0,500000,233866,387878.7795812569,0.602935794148046,-3.8437763438319745,0.0002684011254919346,0.6138940418697147,0.00036544571068594764,-3.8641607797992403,0.0021176128994772384,0.00014284422101448776,0.002112789606315584,-5.781404855867217,0.01657389352440072,0.000880806308266236,0.0005185441395347315,0.0007119913819954427,1.9482822240792568,4881.980614930061,499.2511565936823,62.769897614296774,495.2376583491438,6.098515505088533,3.7586134559301008,128.5995507884122,-144.5504492115878,7.767709582991465,112.66110273580053,0.05410138598274519,0.005532655723162957,26.908421204588656,0.016188864580659944
20260922234846,40,1.0,500000,234097,390839.6484102135,0.5989591919658541,-3.8526554810025306,0.00036189686741540367,0.6170977573003645,0.0003709261934488044,-3.8826736882294632,0.0021475266330017425,0.00014132858771313123,0.0021428711743235553,-5.777082374257607,0.023148637091305012,0.0009416218592563221,0.0005251958725049618,0.0007815503959010479,2.1070240109881007,7293.105730561423,509.9599736939511,84.71897097134375,502.7295422058089,10.817430444580255,5.278382290664618,128.5995507884122,-144.5504492115878,10.849103736704697,157.35294652989967,0.0808211173422955,0.005651362852030814,27.04884759472759,0.01642834279701818
20260922231827,40,1.0,500000,235147,409599.9614235807,0.5740894095368989,-3.8285437580061075,0.00042399133157719195,0.6171212759756082,0.00037900004796902984,-3.882809557553679,0.002194070245006099,0.00014131704639805756,0.00218951449696467,-5.777082374257607,0.023198191504749992,0.0009557237204294418,0.0005250773662499543,0.0007985622012363879,2.1070240109881007,13423.01291416084,526.2105130533954,99.70028964638196,515.9290359024492,27.296812457949578,5.428649440698442,128.5995507884122,-144.5504492115878,10.872328472137525,157.68979283918225,0.14875184069750602,0.005831590379852303,27.049878473635783,0.01677867094881999
20260922213422,40,1.0,500000,234352,400000.05817726016,0.5858799147877795,-3.83977756967654,0.0003923181386207152,0.6172811609869784,0.0003700731431459324,-3.8837332264347744,0.0021426032643053405,0.00014123858605653465,0.0021379430324544786,-5.777082374257607,0.023535073062704127,0.000939614597023568,0.0005242717352468028,0.0007797529984303161,2.1070240109881007,10779.990150541587,510.8572967476405,91.94054042204185,502.1233601964852,19.1193740872521,5.356803777645328,128.5995507884122,-144.5504492115878,11.030215217469928,159.97974647950164,0.1194622539550983,0.0056613800323623825,27.05688661011671,0.016391439515380413
20260922233426,40,1.0,500000,234627,403149.6093265844,0.5819849370359499,-3.8365870373533704,0.0004446045712956285,0.6176835581890703,0.000378482114130824,-3.88605790821843,0.0021910665407986196,0.00014104111775332465,0.0021865223505169395,-5.777082374257607,0.024382933629466187,0.0009532569283002218,0.000522244130164823,0.0007974709022031849,2.1070240109881007,12175.318777085016,525.0610525227055,104.31623674937943,514.0833692679578,22.210667693890834,5.6751484028983015,128.5995507884122,-144.5504492115878,11.42758320102685,165.74308182837336,0.134925079097529,0.0058188165356762205,27.074524626886607,0.01675649578985338
20260922214251,40,1.0,500000,234324,393846.1677155001,0.5949632602982873,-3.8520517401819245,0.0005049411980078111,0.6183410541422445,0.0003673444645520276,-3.889856316500658,0.0021268395277348287,0.00014071846488803187,0.002122179231444617,-5.777082374257607,0.02576829338993176,0.0009318643147747681,0.0005189311296541168,0.0007740036071146894,2.1070240109881007,9242.215940039645,512.4431459719661,118.31984128198232,498.369545496936,13.875695075040841,5.801225733787493,128.5995507884122,-144.5504492115878,12.076861674513864,175.1600699410383,0.10242086795240751,0.0056789180642946675,27.10334422251982,0.016273672934371288
20260922234017,40,1.0,500000,234434,396899.21568774653,0.5906638026325475,-3.8473652185726492,0.0005133200880934799,0.6189520427623827,0.00036964659946974414,-3.8933860480889306,0.002140090495972439,0.0001404186345575224,0.0021354788545009202,-5.777082374257607,0.027055661083003432,0.0009341936261732835,0.0005158524709935103,0.0007788542606628522,2.1070240109881007,11279.627670919692,516.254935206704,120.33968153210688,501.7099753328028,16.94595582260677,6.120000559297602,128.5995507884122,-144.5504492115878,12.680214070351584,183.91095661195664,0.12499916294215391,0.005721207132987792,27.130125292249403,0.016373856738906196
20260922212550,40,1.0,500000,235181,412903.19284575566,0.5695790298426061,-3.830254509502505,0.0003591573520913187,0.619055029091447,0.00038140115464167725,-3.893981008595358,0.002207852480091817,0.00014036809609565325,0.0022033858880019337,-5.777082374257607,0.027272655751145555,0.0009546601484003032,0.0005153335419276526,0.0008036213906485996,2.1070240109881007,15887.258634312835,527.0514478651028,84.46698522218843,519.2449541204736,31.50375729172992,6.383416100083623,128.5995507884122,-144.5504492115878,12.78191326135363,185.3859786738933,0.1760602467273364,0.0058409905849872365,27.134639425522856,0.01688391266864646
20260922212703,40,1.0,500000,234880,406349.1756461919,0.5780250436745316,-3.839904304626566,0.0004266609804238772,0.6195073309474844,0.00037450952673705466,-3.8965939936757157,0.0021681066415351904,0.00014014613809100977,0.0021635723859041965,-5.777082374257607,0.028225666622030833,0.0009412250516462929,0.0005130544765238108,0.0007891005651787643,2.1070240109881007,14083.271715517269,519.6835104790672,100.21413108196028,509.2448879637855,25.6099721185892,6.469343565703342,128.5995507884122,-144.5504492115878,13.228562183260367,191.8640736052425,0.15606873092673948,0.005759282420637281,27.15446488077048,0.016585109984557166
20260922211716,40,1.0,500000,235632,419672.1383133601,0.5614668654130637,-3.8207538990907404,0.00038519989485545316,0.6195839417067774,0.00037609235363679657,-3.8970365803429057,0.0021772293000137328,0.00014010854290752797,0.002172716507288196,-5.777082374257607,0.0283870873313612,0.0009438130904315042,0.0005126684490761316,0.0007924356194617583,2.1070240109881007,19092.10741316088,522.3564207314912,90.76542162458014,513.0248944208358,37.15350059073534,6.553137803478945,128.5995507884122,-144.5504492115878,13.304215450183602,192.96133147592812,0.21157590614444605,0.0057890910428376515,27.157822910722327,0.016653824532332964
20260922233144,40,1.0,500000,235675,423140.5494102963,0.5569662381174412,-3.81664623898643,0.00040223481134429585,0.619648472426309,0.0003844563232359255,-3.89740937962531,0.002225448667585569,0.00014007687575968354,0.0022210358486381507,-5.777082374257607,0.02852305510686064,0.0009584835688973203,0.0005123432907147268,0.0008100587042342975,2.1070240109881007,20254.75226477765,534.5997878005243,94.79668916356692,524.482614733229,41.02687167193904,6.730786239454997,128.5995507884122,-144.5504492115878,13.367939655432664,193.8855729344453,0.22446016416173675,0.005924811564756369,27.16065144409024,0.017016834748098453
20260922232312,40,1.0,500000,235372,416260.1185213627,0.565444513003281,-3.8238794134921124,0.0004194420453519896,0.6201096036575932,0.00038340577279612345,-3.900076363252068,0.002229806059173406,0.0001396629324666978,0.0022254278974662913,-5.8043672144959215,0.029521757964720858,0.0010363922386588834,0.000509329676951175,0.0009026029872148571,2.3541716146637612,19017.92818716015,535.4358525181838,98.72491309858849,524.8339117597629,38.03037176348102,6.928173354294244,128.5995507884122,-144.5504492115878,13.836003104020692,200.674259316814,0.2107538629504412,0.005934022105603018,27.18086391164277,0.01697148036110812
20260922215953,45,1.0,500000,342895,569531.254203553,0.6020652904808764,-3.853997140387686,0.00017919883657077648,0.6158794408215977,0.0003048004586891679,-3.8756353735737124,0.0017665677885171298,0.00014192645192934392,0.0017608573575588259,-5.777082374257607,0.020581615017560888,0.0008335259802185328,0.0005313347439259494,0.0006422218850182634,2.1070240109881007,7682.563094380767,608.9753220615708,61.446385065936404,605.7472618435812,10.6479296756303,5.6710673553749125,128.5995507884122,-144.5504492115878,9.6460139538111,139.90360445771984,0.08513702615589791,0.006748631889769165,26.99544591506427,0.013565410567932172
20260922221221,45,1.0,500000,343631,578571.364990427,0.5939301887256132,-3.8550895396545517,0.000220312526707487,0.6179323564637731,0.0003058692275216545,-3.887495236345961,0.0017726418933917813,0.0001409190250228292,0.00176703172314314,-5.777082374257607,0.02490715756815742,0.0008287204410410047,0.0005209904816713626,0.0006444738066105084,2.1070240109881007,11695.34748914956,614.1419884282869,75.70621386502046,609.1347064681112,18.624066624720033,6.855993818541802,128.5995507884122,-144.5504492115878,11.673271958844103,169.30649599695778,0.1296061083851466,0.006805962859201283,27.085430041036396,0.013612906511800416
20260923002302,45,1.0,500000,343278,574015.8116242677,0.5980288226358105,-3.862227380206667,0.00023747705803616432,0.618396525778069,0.0002993048199225222,-3.8901767807102514,0.0017348229233887132,0.00014069124330262918,0.00172910859970475,-5.777082374257607,0.02588517345854284,0.0008165227437659826,0.0005186516183401245,0.0006306424421812239,2.1070240109881007,10083.798513674958,601.318678748507,81.52064952853841,595.5265434950306,15.437151178057203,6.9546724338847214,128.5995507884122,-144.5504492115878,12.13164001779659,175.95456264114972,0.11174716136564926,0.006663824985565028,27.105775674920185,0.013329932884377721
20260922235712,45,1.0,500000,343563,583200.00498679,0.5890997892014456,-3.851906844179857,0.0004584016495363519,0.6189850351758623,0.0003061470506008411,-3.8935766479793283,0.0017742008705018831,0.00014040244419666808,0.001768636729957071,-5.777082374257607,0.027125176890385502,0.000825853280057957,0.0005156862283236051,0.0006450591865091612,2.1070240109881007,15079.980167079857,630.0398199641377,157.48984591965765,609.5497736722384,23.253969701596336,7.44644088714678,128.5995507884122,-144.5504492115878,12.712794139867302,184.3834905706009,0.16711410633960852,0.006982222389540295,27.13157142740941,0.013625596396018768
20260923001014,45,1.0,500000,344380,602479.3334433838,0.5716046690460662,-3.8374574646122084,0.0002665173649583678,0.6193779983245618,0.00031109864758200673,-3.8958468284594123,0.0018027033550090292,0.00014020960546470292,0.00179724251360139,-5.777082374257607,0.027953159680128646,0.0008328050194377108,0.0005137061596919357,0.0006554923202412134,2.1070240109881007,21407.11010512962,628.8036789554736,91.78325014436271,620.8149813980095,38.70037933218944,7.806482704104026,128.5995507884122,-144.5504492115878,13.100845978197931,190.01170665642252,0.23723042304405673,0.00696874219213663,27.14879592740762,0.013839655418522185
20260922222149,45,1.0,500000,343547,587903.2190325272,0.5843597872543583,-3.8509809247419455,0.00039150295805985634,0.6196079822713575,0.0003067249178095477,-3.8971754646648082,0.0017775046867219656,0.0001400967454857985,0.0017719751164231511,-5.777082374257607,0.028437741378169082,0.0008248505362923218,0.0005125473131172761,0.0006462767665930686,2.1070240109881007,16821.083858425878,625.9499638971542,134.49966673258947,610.6564026092711,27.58677786385042,7.805420620657777,128.5995507884122,-144.5504492115878,13.327955552304301,193.30565254707565,0.18640875952881278,0.006936953327817227,27.15887666526887,0.013650954445320438
20260922222452,45,1.0,500000,344185,597540.9126212142,0.5760024003882418,-3.8430747019218487,0.0002783255418254651,0.6196863261494262,0.00031040153033145765,-3.89762806370193,0.0017986764901106785,0.00014005829980926623,0.001793215209820452,-5.777082374257607,0.02860281381037378,0.0008306906442278604,0.0005121525528046091,0.0006540234774558325,2.1070240109881007,19981.279876975088,627.4722141334887,95.7954766131977,619.0774677487439,34.991028854240966,7.957574728373252,128.5995507884122,-144.5504492115878,13.405320277233685,194.42773301755065,0.22142958367092475,0.006953932142601287,27.162310661897106,0.013809750923308304
20260923000637,45,1.0,500000,343913,592683.005374847,0.5802646556104465,-3.8471514985510873,0.00026848576529681534,0.6199181941231907,0.00030809610361342405,-3.8989675840863196,0.0017853896679464899,0.00013994451528216218,0.0017798965697625574,-5.777082374257607,0.02909136519847476,0.0008261484225311875,0.0005109842129664859,0.0006491658880053622,2.1070240109881007,18923.12035889004,621.7637674755408,92.33574500052366,614.0187168724811,31.32045897125499,8.021029901352197,128.5995507884122,-144.5504492115878,13.63429033146679,197.74866289112134,0.2097032166419039,0.006890636118430062,27.172473981096143,0.013710355968969632
